clip	duration[ms]
common_voice_ru_41203491.mp3	3312
common_voice_ru_41003813.mp3	3888
common_voice_ru_41093974.mp3	8388
common_voice_ru_40906705.mp3	4176
common_voice_ru_41118892.mp3	6876
common_voice_ru_40947909.mp3	3168
common_voice_ru_40897673.mp3	5760
common_voice_ru_41045588.mp3	6876
common_voice_ru_41052406.mp3	3708
common_voice_ru_40905882.mp3	5364
common_voice_ru_41096891.mp3	6372
common_voice_ru_41045558.mp3	6804
common_voice_ru_40947937.mp3	3816
common_voice_ru_40866668.mp3	5688
common_voice_ru_41118914.mp3	3060
common_voice_ru_40947904.mp3	2916
common_voice_ru_40899623.mp3	4716
common_voice_ru_40908174.mp3	5976
common_voice_ru_40998798.mp3	7128
common_voice_ru_40947905.mp3	4680
common_voice_ru_40897672.mp3	6660
common_voice_ru_40971031.mp3	5184
common_voice_ru_40952327.mp3	4284
common_voice_ru_41045569.mp3	8892
common_voice_ru_40987180.mp3	2052
common_voice_ru_41118880.mp3	6048
common_voice_ru_40906760.mp3	6948
common_voice_ru_40906762.mp3	4896
common_voice_ru_41096872.mp3	2772
common_voice_ru_40906573.mp3	4968
common_voice_ru_41078988.mp3	4896
common_voice_ru_41096906.mp3	6012
common_voice_ru_40912563.mp3	5184
common_voice_ru_40906808.mp3	4896
common_voice_ru_40947922.mp3	6408
common_voice_ru_40881824.mp3	4860
common_voice_ru_40878546.mp3	9000
common_voice_ru_41051150.mp3	3528
common_voice_ru_41209150.mp3	8208
common_voice_ru_40906716.mp3	5688
common_voice_ru_40970837.mp3	3456
common_voice_ru_40971008.mp3	5580
common_voice_ru_40987181.mp3	2736
common_voice_ru_41118917.mp3	4968
common_voice_ru_40901397.mp3	6336
common_voice_ru_40877572.mp3	4716
common_voice_ru_40949274.mp3	4536
common_voice_ru_41096867.mp3	4320
common_voice_ru_40998799.mp3	11736
common_voice_ru_41045559.mp3	4104
common_voice_ru_40947954.mp3	3780
common_voice_ru_40970815.mp3	5256
common_voice_ru_40979803.mp3	4248
common_voice_ru_41032111.mp3	13752
common_voice_ru_40878576.mp3	4680
common_voice_ru_40948017.mp3	3276
common_voice_ru_40947958.mp3	4356
common_voice_ru_40947900.mp3	3600
common_voice_ru_40899580.mp3	5040
common_voice_ru_41118864.mp3	3960
common_voice_ru_40899592.mp3	4860
common_voice_ru_40906777.mp3	8028
common_voice_ru_40970829.mp3	6696
common_voice_ru_41052378.mp3	6480
common_voice_ru_40943963.mp3	5976
common_voice_ru_40881832.mp3	4464
common_voice_ru_40878560.mp3	6876
common_voice_ru_40970850.mp3	5148
common_voice_ru_40947975.mp3	2736
common_voice_ru_40948014.mp3	3240
common_voice_ru_40881801.mp3	3168
common_voice_ru_41051147.mp3	3456
common_voice_ru_41118877.mp3	2700
common_voice_ru_41096868.mp3	5976
common_voice_ru_41045557.mp3	8712
common_voice_ru_40948826.mp3	8064
common_voice_ru_40947959.mp3	7560
common_voice_ru_40902890.mp3	9108
common_voice_ru_40970988.mp3	6048
common_voice_ru_41045596.mp3	6192
common_voice_ru_40899578.mp3	3060
common_voice_ru_40949272.mp3	3852
common_voice_ru_41105721.mp3	2016
common_voice_ru_41051135.mp3	3060
common_voice_ru_40918635.mp3	11736
common_voice_ru_41044276.mp3	4500
common_voice_ru_41118905.mp3	6228
common_voice_ru_40947896.mp3	3348
common_voice_ru_41118904.mp3	4176
common_voice_ru_40906661.mp3	8100
common_voice_ru_41051148.mp3	9828
common_voice_ru_40947985.mp3	4896
common_voice_ru_41203913.mp3	5688
common_voice_ru_41052388.mp3	5940
common_voice_ru_40897636.mp3	7416
common_voice_ru_40947928.mp3	2556
common_voice_ru_40947991.mp3	2736
common_voice_ru_41118906.mp3	2880
common_voice_ru_41096897.mp3	3096
common_voice_ru_40906780.mp3	8676
common_voice_ru_40947974.mp3	3528
common_voice_ru_41096874.mp3	4896
common_voice_ru_40947883.mp3	3636
common_voice_ru_40878574.mp3	3456
common_voice_ru_40899616.mp3	2916
common_voice_ru_40970944.mp3	4248
common_voice_ru_41096893.mp3	3852
common_voice_ru_41045564.mp3	4716
common_voice_ru_41096885.mp3	4536
common_voice_ru_40899581.mp3	4068
common_voice_ru_41096877.mp3	5616
common_voice_ru_40881821.mp3	2520
common_voice_ru_40943966.mp3	5868
common_voice_ru_40881803.mp3	5220
common_voice_ru_40947952.mp3	6156
common_voice_ru_40899579.mp3	4788
common_voice_ru_40878561.mp3	3960
common_voice_ru_41078992.mp3	6624
common_voice_ru_41052389.mp3	3060
common_voice_ru_40906775.mp3	6156
common_voice_ru_40947983.mp3	7560
common_voice_ru_41052394.mp3	6516
common_voice_ru_41093975.mp3	7056
common_voice_ru_40947927.mp3	6480
common_voice_ru_41098345.mp3	5148
common_voice_ru_40901395.mp3	10188
common_voice_ru_40881806.mp3	4644
common_voice_ru_40877570.mp3	11340
common_voice_ru_40899600.mp3	2736
common_voice_ru_40987177.mp3	5508
common_voice_ru_40906773.mp3	7776
common_voice_ru_40906702.mp3	4068
common_voice_ru_41118883.mp3	7668
common_voice_ru_40970989.mp3	5580
common_voice_ru_40948047.mp3	7776
common_voice_ru_40906768.mp3	7668
common_voice_ru_41118866.mp3	6408
common_voice_ru_40906732.mp3	7020
common_voice_ru_41118879.mp3	6048
common_voice_ru_40947996.mp3	8280
common_voice_ru_40952297.mp3	3960
common_voice_ru_41045579.mp3	4968
common_voice_ru_40901398.mp3	5508
common_voice_ru_40970990.mp3	5040
common_voice_ru_40947962.mp3	4248
common_voice_ru_40899602.mp3	3528
common_voice_ru_40947942.mp3	5796
common_voice_ru_41118896.mp3	4716
common_voice_ru_40948830.mp3	5796
common_voice_ru_41051140.mp3	3060
common_voice_ru_40866663.mp3	4140
common_voice_ru_40895180.mp3	7920
common_voice_ru_41118886.mp3	5688
common_voice_ru_41118891.mp3	6048
common_voice_ru_41118888.mp3	5580
common_voice_ru_40906724.mp3	3816
common_voice_ru_41052382.mp3	6984
common_voice_ru_41045580.mp3	2592
common_voice_ru_41045587.mp3	4212
common_voice_ru_40948021.mp3	5760
common_voice_ru_40970880.mp3	4932
common_voice_ru_41096903.mp3	2520
common_voice_ru_40947935.mp3	2700
common_voice_ru_40899847.mp3	8712
common_voice_ru_40912567.mp3	2952
common_voice_ru_40899577.mp3	4176
common_voice_ru_40899597.mp3	7128
common_voice_ru_40948016.mp3	2016
common_voice_ru_40906758.mp3	4176
common_voice_ru_40948009.mp3	5796
common_voice_ru_41096871.mp3	3636
common_voice_ru_41225025.mp3	5040
common_voice_ru_41118893.mp3	5436
common_voice_ru_41096875.mp3	4140
common_voice_ru_40970921.mp3	6696
common_voice_ru_40906718.mp3	4968
common_voice_ru_40943975.mp3	7344
common_voice_ru_40906683.mp3	5760
common_voice_ru_41203912.mp3	4680
common_voice_ru_40881834.mp3	4284
common_voice_ru_41118908.mp3	2736
common_voice_ru_41084125.mp3	5580
common_voice_ru_40899595.mp3	2340
common_voice_ru_40948828.mp3	7956
common_voice_ru_40970972.mp3	4320
common_voice_ru_41052397.mp3	2700
common_voice_ru_40899629.mp3	5616
common_voice_ru_40970917.mp3	5508
common_voice_ru_40878564.mp3	3060
common_voice_ru_40987184.mp3	5688
common_voice_ru_40943962.mp3	4140
common_voice_ru_41118885.mp3	4680
common_voice_ru_41096915.mp3	4896
common_voice_ru_40947889.mp3	3600
common_voice_ru_40906653.mp3	6912
common_voice_ru_40899593.mp3	2916
common_voice_ru_40906629.mp3	5148
common_voice_ru_40899594.mp3	4608
common_voice_ru_40947964.mp3	2880
common_voice_ru_40947969.mp3	5148
common_voice_ru_40906792.mp3	5688
common_voice_ru_41199233.mp3	3564
common_voice_ru_40878567.mp3	3816
common_voice_ru_41098344.mp3	4320
common_voice_ru_41045595.mp3	4824
common_voice_ru_40947906.mp3	6408
common_voice_ru_40970849.mp3	5688
common_voice_ru_40947894.mp3	5760
common_voice_ru_40947980.mp3	5400
common_voice_ru_40899599.mp3	5040
common_voice_ru_40947978.mp3	8316
common_voice_ru_40899846.mp3	8352
common_voice_ru_40949275.mp3	5040
common_voice_ru_41052386.mp3	8820
common_voice_ru_40948013.mp3	5076
common_voice_ru_40906655.mp3	3996
common_voice_ru_40948045.mp3	4536
common_voice_ru_41045591.mp3	4428
common_voice_ru_41045573.mp3	5904
common_voice_ru_41045590.mp3	7740
common_voice_ru_41118920.mp3	5760
common_voice_ru_40945766.mp3	6552
common_voice_ru_40947953.mp3	4500
common_voice_ru_40901399.mp3	6516
common_voice_ru_40948028.mp3	4536
common_voice_ru_41118907.mp3	3780
common_voice_ru_40971012.mp3	6516
common_voice_ru_40948018.mp3	7776
common_voice_ru_40952295.mp3	3240
common_voice_ru_40970987.mp3	7380
common_voice_ru_40881822.mp3	5076
common_voice_ru_40906575.mp3	5508
common_voice_ru_40904553.mp3	4320
common_voice_ru_40947897.mp3	5400
common_voice_ru_41045545.mp3	5652
common_voice_ru_41051134.mp3	8316
common_voice_ru_40970835.mp3	4068
common_voice_ru_40970962.mp3	7560
common_voice_ru_40947992.mp3	4176
common_voice_ru_41045582.mp3	7848
common_voice_ru_41118913.mp3	4356
common_voice_ru_41118902.mp3	6696
common_voice_ru_41118895.mp3	8496
common_voice_ru_40899587.mp3	8208
common_voice_ru_40895189.mp3	3384
common_voice_ru_40943976.mp3	6300
common_voice_ru_40906776.mp3	9108
common_voice_ru_40970851.mp3	5040
common_voice_ru_40970947.mp3	3024
common_voice_ru_41199238.mp3	4968
common_voice_ru_41096863.mp3	3024
common_voice_ru_40947965.mp3	5508
common_voice_ru_40947892.mp3	4608
common_voice_ru_40970986.mp3	5580
common_voice_ru_40979637.mp3	3096
common_voice_ru_40943977.mp3	6336
common_voice_ru_40881819.mp3	8712
common_voice_ru_40866671.mp3	8136
common_voice_ru_41203470.mp3	5976
common_voice_ru_40943960.mp3	4248
common_voice_ru_40998801.mp3	9288
common_voice_ru_40877569.mp3	8316
common_voice_ru_41118873.mp3	74484
common_voice_ru_40881816.mp3	4428
common_voice_ru_40881815.mp3	3816
common_voice_ru_40899598.mp3	4788
common_voice_ru_41118887.mp3	4068
common_voice_ru_40877571.mp3	4968
common_voice_ru_40906701.mp3	4968
common_voice_ru_40895188.mp3	5328
common_voice_ru_41118862.mp3	4716
common_voice_ru_40881802.mp3	6264
common_voice_ru_40906682.mp3	2880
common_voice_ru_40906676.mp3	6624
common_voice_ru_41118898.mp3	5436
common_voice_ru_40947990.mp3	4500
common_voice_ru_40906721.mp3	11016
common_voice_ru_41051149.mp3	8208
common_voice_ru_41052376.mp3	5220
common_voice_ru_40899596.mp3	4788
common_voice_ru_41051136.mp3	4500
common_voice_ru_40870073.mp3	3528
common_voice_ru_40897670.mp3	8676
common_voice_ru_40948011.mp3	2376
common_voice_ru_41045570.mp3	8892
common_voice_ru_41029019.mp3	3168
common_voice_ru_40970946.mp3	5688
common_voice_ru_40906703.mp3	5256
common_voice_ru_40906654.mp3	5580
common_voice_ru_40906290.mp3	5508
common_voice_ru_40906737.mp3	5436
common_voice_ru_40906739.mp3	10368
common_voice_ru_40948022.mp3	2628
common_voice_ru_40943969.mp3	6444
common_voice_ru_40912564.mp3	5328
common_voice_ru_40906730.mp3	4896
common_voice_ru_41045565.mp3	4032
common_voice_ru_40906781.mp3	3168
common_voice_ru_41052392.mp3	3672
common_voice_ru_40943970.mp3	6624
common_voice_ru_40899622.mp3	6948
common_voice_ru_40899848.mp3	6264
common_voice_ru_40895187.mp3	11016
common_voice_ru_41096859.mp3	3528
common_voice_ru_40906720.mp3	8100
common_voice_ru_40899614.mp3	4320
common_voice_ru_40906751.mp3	5688
common_voice_ru_40947890.mp3	3096
common_voice_ru_40899605.mp3	2196
common_voice_ru_40970900.mp3	7920
common_voice_ru_40906723.mp3	6228
common_voice_ru_40970960.mp3	4536
common_voice_ru_40943971.mp3	6228
common_voice_ru_41203480.mp3	5868
common_voice_ru_40897637.mp3	6084
common_voice_ru_40947947.mp3	4896
common_voice_ru_40878545.mp3	3960
common_voice_ru_41118915.mp3	5580
common_voice_ru_40943964.mp3	6696
common_voice_ru_40881800.mp3	3168
common_voice_ru_41029023.mp3	5148
common_voice_ru_40881835.mp3	4716
common_voice_ru_40899573.mp3	4860
common_voice_ru_41096899.mp3	5400
common_voice_ru_41051141.mp3	5796
common_voice_ru_41096881.mp3	3888
common_voice_ru_40949271.mp3	4032
common_voice_ru_41209151.mp3	6192
common_voice_ru_40906722.mp3	5040
common_voice_ru_40906719.mp3	5040
common_voice_ru_40948031.mp3	2520
common_voice_ru_40912565.mp3	7524
common_voice_ru_41003830.mp3	4140
common_voice_ru_41052393.mp3	8784
common_voice_ru_40899618.mp3	5256
common_voice_ru_40906759.mp3	6228
common_voice_ru_40947971.mp3	3456
common_voice_ru_40948029.mp3	8316
common_voice_ru_40899604.mp3	3060
common_voice_ru_41045574.mp3	5976
common_voice_ru_41003811.mp3	8100
common_voice_ru_40906767.mp3	8928
common_voice_ru_40906735.mp3	6660
common_voice_ru_40998797.mp3	6768
common_voice_ru_41118870.mp3	82008
common_voice_ru_40899609.mp3	7920
common_voice_ru_40947931.mp3	6948
common_voice_ru_41090356.mp3	6336
common_voice_ru_41052407.mp3	9180
common_voice_ru_40970945.mp3	6696
common_voice_ru_40881798.mp3	4176
common_voice_ru_40906712.mp3	4320
common_voice_ru_40970879.mp3	6156
common_voice_ru_41096879.mp3	3852
common_voice_ru_41118901.mp3	4428
common_voice_ru_41052403.mp3	2952
common_voice_ru_40947948.mp3	3780
common_voice_ru_40906807.mp3	7704
common_voice_ru_40970833.mp3	6372
common_voice_ru_40906753.mp3	5508
common_voice_ru_40906576.mp3	3168
common_voice_ru_40970948.mp3	7704
common_voice_ru_40906293.mp3	5436
common_voice_ru_41045586.mp3	3456
common_voice_ru_40895181.mp3	5400
common_voice_ru_40904552.mp3	4428
common_voice_ru_40947993.mp3	1908
common_voice_ru_40948020.mp3	3636
common_voice_ru_41203488.mp3	6768
common_voice_ru_41118911.mp3	6840
common_voice_ru_40899626.mp3	2556
common_voice_ru_41051145.mp3	7920
common_voice_ru_40878551.mp3	4536
common_voice_ru_41203509.mp3	5364
common_voice_ru_40878571.mp3	7308
common_voice_ru_41051137.mp3	5508
common_voice_ru_41203478.mp3	4176
common_voice_ru_41118876.mp3	130644
common_voice_ru_40945762.mp3	7560
common_voice_ru_41084123.mp3	9828
common_voice_ru_40899628.mp3	3420
common_voice_ru_40947933.mp3	4068
common_voice_ru_40878562.mp3	7560
common_voice_ru_40948007.mp3	3780
common_voice_ru_41045593.mp3	3996
common_voice_ru_40970878.mp3	4680
common_voice_ru_40918634.mp3	7164
common_voice_ru_40947966.mp3	4680
common_voice_ru_40897634.mp3	10800
common_voice_ru_40899603.mp3	3888
common_voice_ru_41118924.mp3	6336
common_voice_ru_40899583.mp3	3708
common_voice_ru_40943959.mp3	7596
common_voice_ru_41096904.mp3	8244
common_voice_ru_40906704.mp3	2556
common_voice_ru_40918633.mp3	8028
common_voice_ru_40877577.mp3	7776
common_voice_ru_41199230.mp3	5184
common_voice_ru_40866669.mp3	9900
common_voice_ru_41118909.mp3	3780
common_voice_ru_41045572.mp3	5904
common_voice_ru_40947979.mp3	7560
common_voice_ru_40952290.mp3	5760
common_voice_ru_40904604.mp3	7416
common_voice_ru_41225023.mp3	9360
common_voice_ru_40979801.mp3	5760
common_voice_ru_40948000.mp3	3348
common_voice_ru_40899582.mp3	4320
common_voice_ru_40970831.mp3	7380
common_voice_ru_40881814.mp3	5436
common_voice_ru_41045571.mp3	5508
common_voice_ru_40906715.mp3	6408
common_voice_ru_40943961.mp3	6480
common_voice_ru_40947997.mp3	6300
common_voice_ru_40947919.mp3	5616
common_voice_ru_40971033.mp3	5976
common_voice_ru_41118872.mp3	3996
common_voice_ru_40906789.mp3	3528
common_voice_ru_40899619.mp3	6048
common_voice_ru_40866662.mp3	12096
common_voice_ru_40948003.mp3	4356
common_voice_ru_40870071.mp3	5796
common_voice_ru_40979639.mp3	6300
common_voice_ru_40899615.mp3	4860
common_voice_ru_40906734.mp3	8100
common_voice_ru_41003809.mp3	13176
common_voice_ru_40906769.mp3	5220
common_voice_ru_40970816.mp3	5724
common_voice_ru_40907852.mp3	5508
common_voice_ru_40878569.mp3	3348
common_voice_ru_40899589.mp3	8280
common_voice_ru_40947880.mp3	3636
common_voice_ru_40947984.mp3	4428
common_voice_ru_40947981.mp3	6840
common_voice_ru_40906778.mp3	4860
common_voice_ru_40881820.mp3	5580
common_voice_ru_40881805.mp3	3564
common_voice_ru_40899572.mp3	5328
common_voice_ru_40947934.mp3	5976
common_voice_ru_41052375.mp3	6300
common_voice_ru_40907856.mp3	7308
common_voice_ru_40948827.mp3	2988
common_voice_ru_40881813.mp3	3348
common_voice_ru_40906749.mp3	8568
common_voice_ru_40899586.mp3	5148
common_voice_ru_40904603.mp3	5076
common_voice_ru_40947920.mp3	3240
common_voice_ru_40866664.mp3	2160
common_voice_ru_41093971.mp3	9036
common_voice_ru_40948023.mp3	6048
common_voice_ru_40952324.mp3	9072
common_voice_ru_40970813.mp3	6732
common_voice_ru_40878554.mp3	4176
common_voice_ru_40970904.mp3	4572
common_voice_ru_40906748.mp3	5616
common_voice_ru_40877574.mp3	5508
common_voice_ru_40906772.mp3	4500
common_voice_ru_41045584.mp3	3312
common_voice_ru_40899601.mp3	3456
common_voice_ru_40945765.mp3	7416
common_voice_ru_40906714.mp3	3888
common_voice_ru_40906574.mp3	6948
common_voice_ru_40908177.mp3	5400
common_voice_ru_40878549.mp3	3348
common_voice_ru_40906783.mp3	7956
common_voice_ru_41199232.mp3	5040
common_voice_ru_41052374.mp3	9072
common_voice_ru_40905884.mp3	6732
common_voice_ru_40947960.mp3	8856
common_voice_ru_40947881.mp3	3420
common_voice_ru_41209153.mp3	6300
common_voice_ru_41118882.mp3	3960
common_voice_ru_40878566.mp3	3060
common_voice_ru_41096902.mp3	3240
common_voice_ru_40952288.mp3	2340
common_voice_ru_40906663.mp3	4536
common_voice_ru_40906791.mp3	7380
common_voice_ru_40881818.mp3	2700
common_voice_ru_40897671.mp3	5688
common_voice_ru_41203469.mp3	4356
common_voice_ru_40971080.mp3	4320
common_voice_ru_40906632.mp3	5616
common_voice_ru_40866665.mp3	7020
common_voice_ru_40918638.mp3	10476
common_voice_ru_41093972.mp3	5580
common_voice_ru_40906764.mp3	4608
common_voice_ru_41045562.mp3	7956
common_voice_ru_40906631.mp3	5040
common_voice_ru_40947910.mp3	5616
common_voice_ru_41203914.mp3	4572
common_voice_ru_41096876.mp3	2376
common_voice_ru_40904551.mp3	6228
common_voice_ru_40902891.mp3	8856
common_voice_ru_40906755.mp3	4896
common_voice_ru_41199231.mp3	8784
common_voice_ru_40901396.mp3	7056
common_voice_ru_40947998.mp3	4068
common_voice_ru_40947943.mp3	2196
common_voice_ru_41203911.mp3	5292
common_voice_ru_40970967.mp3	5220
common_voice_ru_41118918.mp3	3960
common_voice_ru_40878556.mp3	5436
common_voice_ru_40970817.mp3	7092
common_voice_ru_40970969.mp3	8460
common_voice_ru_41225026.mp3	5616
common_voice_ru_40943972.mp3	6264
common_voice_ru_40947925.mp3	3528
common_voice_ru_41084124.mp3	7668
common_voice_ru_40970852.mp3	4968
common_voice_ru_40948027.mp3	4140
common_voice_ru_41118916.mp3	4536
common_voice_ru_40947941.mp3	7560
common_voice_ru_40906681.mp3	5256
common_voice_ru_40906738.mp3	5400
common_voice_ru_41051144.mp3	7560
common_voice_ru_40906765.mp3	5940
common_voice_ru_40948010.mp3	4896
common_voice_ru_40906805.mp3	6804
common_voice_ru_40970920.mp3	5364
common_voice_ru_40943974.mp3	6588
common_voice_ru_41096862.mp3	2340
common_voice_ru_41203915.mp3	4500
common_voice_ru_41045543.mp3	6912
common_voice_ru_40906731.mp3	7380
common_voice_ru_40897669.mp3	6840
common_voice_ru_40987183.mp3	3636
common_voice_ru_40899590.mp3	6516
common_voice_ru_40948025.mp3	5940
common_voice_ru_41203471.mp3	5580
common_voice_ru_41045544.mp3	9576
common_voice_ru_40899584.mp3	4536
common_voice_ru_40897638.mp3	5292
common_voice_ru_41052387.mp3	3852
common_voice_ru_40971079.mp3	5724
common_voice_ru_41029021.mp3	4680
common_voice_ru_41052385.mp3	5760
common_voice_ru_40947963.mp3	5796
common_voice_ru_41096866.mp3	4536
common_voice_ru_41203467.mp3	5112
common_voice_ru_40943967.mp3	5904
common_voice_ru_40899625.mp3	5328
common_voice_ru_40947950.mp3	6588
common_voice_ru_40948015.mp3	5940
common_voice_ru_41096884.mp3	3168
common_voice_ru_41199234.mp3	6048
common_voice_ru_41051142.mp3	6588
common_voice_ru_41118867.mp3	7056
common_voice_ru_40970814.mp3	6660
common_voice_ru_40943968.mp3	6804
common_voice_ru_41003833.mp3	4104
common_voice_ru_41052380.mp3	5796
common_voice_ru_40906652.mp3	4572
common_voice_ru_40881825.mp3	5904
common_voice_ru_40881797.mp3	6912
common_voice_ru_40906680.mp3	7416
common_voice_ru_40878553.mp3	3996
common_voice_ru_40904602.mp3	5220
common_voice_ru_40943978.mp3	6768
common_voice_ru_41029022.mp3	4896
common_voice_ru_40947973.mp3	5760
common_voice_ru_41118871.mp3	99540
common_voice_ru_40947968.mp3	7380
common_voice_ru_40906793.mp3	6228
common_voice_ru_40918636.mp3	12168
common_voice_ru_40947946.mp3	5508
common_voice_ru_40947901.mp3	2916
common_voice_ru_40971081.mp3	7704
common_voice_ru_41045542.mp3	9396
common_voice_ru_40870075.mp3	4176
common_voice_ru_41052405.mp3	8856
common_voice_ru_41096907.mp3	7704
common_voice_ru_41052377.mp3	10080
common_voice_ru_41118863.mp3	5400
common_voice_ru_41022974.mp3	4716
common_voice_ru_41045581.mp3	3852
common_voice_ru_40971014.mp3	5364
common_voice_ru_41096883.mp3	5472
common_voice_ru_40987185.mp3	5004
common_voice_ru_40906806.mp3	3456
common_voice_ru_40947957.mp3	6120
common_voice_ru_40906292.mp3	4896
common_voice_ru_40970839.mp3	6624
common_voice_ru_40952289.mp3	4464
common_voice_ru_41209152.mp3	7668
common_voice_ru_41032112.mp3	3060
common_voice_ru_40870072.mp3	7992
common_voice_ru_41022972.mp3	4968
common_voice_ru_41096901.mp3	2304
common_voice_ru_40899850.mp3	7740
common_voice_ru_40947921.mp3	2556
common_voice_ru_40899610.mp3	4176
common_voice_ru_40877576.mp3	6660
common_voice_ru_41118894.mp3	3168
common_voice_ru_40970975.mp3	5580
common_voice_ru_41203510.mp3	5436
common_voice_ru_41096864.mp3	2052
common_voice_ru_40970915.mp3	7056
common_voice_ru_40906660.mp3	3060
common_voice_ru_41118925.mp3	5040
common_voice_ru_41118897.mp3	6480
common_voice_ru_40907855.mp3	5220
common_voice_ru_40906677.mp3	4356
common_voice_ru_40971027.mp3	3096
common_voice_ru_41096878.mp3	2592
common_voice_ru_40970841.mp3	5220
common_voice_ru_41084122.mp3	5940
common_voice_ru_40952325.mp3	3672
common_voice_ru_41096873.mp3	3600
common_voice_ru_41045594.mp3	5364
common_voice_ru_41096882.mp3	3708
common_voice_ru_41098348.mp3	3240
common_voice_ru_41096860.mp3	5004
common_voice_ru_41203511.mp3	5976
common_voice_ru_41203487.mp3	4392
common_voice_ru_40881817.mp3	3528
common_voice_ru_41052396.mp3	5508
common_voice_ru_41096892.mp3	4284
common_voice_ru_41045577.mp3	6804
common_voice_ru_40998800.mp3	10908
common_voice_ru_41118900.mp3	6480
common_voice_ru_41118919.mp3	5868
common_voice_ru_40949273.mp3	5184
common_voice_ru_40906577.mp3	4356
common_voice_ru_41045575.mp3	6192
common_voice_ru_40947967.mp3	5328
common_voice_ru_40906711.mp3	2700
common_voice_ru_40970906.mp3	5328
common_voice_ru_41118890.mp3	5148
common_voice_ru_40881823.mp3	5976
common_voice_ru_41032113.mp3	2736
common_voice_ru_41203508.mp3	6588
common_voice_ru_40947879.mp3	5400
common_voice_ru_41084121.mp3	7956
common_voice_ru_40947944.mp3	4068
common_voice_ru_40906678.mp3	7776
common_voice_ru_41203490.mp3	4428
common_voice_ru_41078991.mp3	9108
common_voice_ru_40866666.mp3	3528
common_voice_ru_40987178.mp3	3240
common_voice_ru_40899575.mp3	2808
common_voice_ru_40906756.mp3	4896
common_voice_ru_41003812.mp3	4068
common_voice_ru_40906656.mp3	4500
common_voice_ru_40881799.mp3	4284
common_voice_ru_40970881.mp3	4356
common_voice_ru_41078990.mp3	8388
common_voice_ru_41203476.mp3	4968
common_voice_ru_40947882.mp3	5580
common_voice_ru_40971028.mp3	5544
common_voice_ru_41045592.mp3	5904
common_voice_ru_40952326.mp3	7344
common_voice_ru_40899588.mp3	7020
common_voice_ru_40947945.mp3	5868
common_voice_ru_40878559.mp3	6228
common_voice_ru_40899571.mp3	4968
common_voice_ru_41105719.mp3	6408
common_voice_ru_41096887.mp3	5832
common_voice_ru_40897635.mp3	12348
common_voice_ru_40906766.mp3	4680
common_voice_ru_40970830.mp3	4464
common_voice_ru_41118923.mp3	4500
common_voice_ru_40987176.mp3	3996
common_voice_ru_40905883.mp3	4284
common_voice_ru_40943973.mp3	4860
common_voice_ru_41203468.mp3	4248
common_voice_ru_41052379.mp3	4536
common_voice_ru_40906745.mp3	2736
common_voice_ru_40987179.mp3	4932
common_voice_ru_41118865.mp3	6120
common_voice_ru_41051132.mp3	4500
common_voice_ru_40947951.mp3	4320
common_voice_ru_40899585.mp3	3780
common_voice_ru_40979638.mp3	5148
common_voice_ru_41096870.mp3	4320
common_voice_ru_40979635.mp3	6300
common_voice_ru_40878555.mp3	2988
common_voice_ru_40878573.mp3	4140
common_voice_ru_40866670.mp3	8820
common_voice_ru_41096886.mp3	4464
common_voice_ru_41096914.mp3	3348
common_voice_ru_40947977.mp3	6408
common_voice_ru_40948008.mp3	3816
common_voice_ru_40947891.mp3	3060
common_voice_ru_40947961.mp3	3780
common_voice_ru_40907853.mp3	5580
common_voice_ru_40902892.mp3	9360
common_voice_ru_40970848.mp3	3456
common_voice_ru_41096890.mp3	4248
common_voice_ru_40878558.mp3	6876
common_voice_ru_40906291.mp3	5940
common_voice_ru_40899608.mp3	2916
common_voice_ru_40906630.mp3	6588
common_voice_ru_41045563.mp3	6372
common_voice_ru_40902894.mp3	6048
common_voice_ru_40947972.mp3	5508
common_voice_ru_41118874.mp3	2916
common_voice_ru_40904550.mp3	2556
common_voice_ru_40947932.mp3	4860
common_voice_ru_40948019.mp3	5256
common_voice_ru_40952292.mp3	6768
common_voice_ru_40948044.mp3	7236
common_voice_ru_40970902.mp3	3132
common_voice_ru_40906761.mp3	5796
common_voice_ru_40877568.mp3	5220
common_voice_ru_40906733.mp3	6300
common_voice_ru_41044279.mp3	8352
common_voice_ru_40906750.mp3	5760
common_voice_ru_41044278.mp3	7740
common_voice_ru_40878557.mp3	3060
common_voice_ru_40948004.mp3	5148
common_voice_ru_40905881.mp3	3708
common_voice_ru_41052404.mp3	5184
common_voice_ru_41022975.mp3	3600
common_voice_ru_40881812.mp3	5076
common_voice_ru_41098346.mp3	4500
common_voice_ru_40878570.mp3	2700
common_voice_ru_40945763.mp3	3060
common_voice_ru_41045585.mp3	6336
common_voice_ru_41118921.mp3	6768
common_voice_ru_40878548.mp3	5220
common_voice_ru_41118875.mp3	3240
common_voice_ru_40947987.mp3	3780
common_voice_ru_40870074.mp3	6840
common_voice_ru_41003832.mp3	7236
common_voice_ru_40947924.mp3	6300
common_voice_ru_40947907.mp3	2448
common_voice_ru_40899613.mp3	4140
common_voice_ru_41199236.mp3	3996
common_voice_ru_41105718.mp3	8208
common_voice_ru_40970964.mp3	3348
common_voice_ru_40947938.mp3	6156
common_voice_ru_40878572.mp3	3708
common_voice_ru_40912566.mp3	2880
common_voice_ru_40906713.mp3	4860
common_voice_ru_41203489.mp3	4176
common_voice_ru_40948012.mp3	6480
common_voice_ru_40899620.mp3	4536
common_voice_ru_40866667.mp3	5868
common_voice_ru_40971030.mp3	6048
common_voice_ru_41052395.mp3	5076
common_voice_ru_40970919.mp3	2808
common_voice_ru_41051133.mp3	3996
common_voice_ru_40947908.mp3	4716
common_voice_ru_41096865.mp3	6552
common_voice_ru_41045566.mp3	7668
common_voice_ru_40899621.mp3	3420
common_voice_ru_40906717.mp3	3780
common_voice_ru_41044275.mp3	7776
common_voice_ru_41118869.mp3	8136
common_voice_ru_40952323.mp3	5256
common_voice_ru_40943965.mp3	5256
common_voice_ru_40906736.mp3	6876
common_voice_ru_40979804.mp3	4860
common_voice_ru_40878568.mp3	4680
common_voice_ru_40970905.mp3	6156
common_voice_ru_41022971.mp3	8208
common_voice_ru_41045583.mp3	6372
common_voice_ru_41203472.mp3	3384
common_voice_ru_40906782.mp3	5256
common_voice_ru_40970832.mp3	4824
common_voice_ru_40906757.mp3	5400
common_voice_ru_41096861.mp3	4068
common_voice_ru_40948829.mp3	6264
common_voice_ru_40906754.mp3	5400
common_voice_ru_40908176.mp3	10800
common_voice_ru_40906771.mp3	6228
common_voice_ru_41118881.mp3	4860
common_voice_ru_41118884.mp3	2880
common_voice_ru_40947895.mp3	3960
common_voice_ru_40947930.mp3	5616
common_voice_ru_40908175.mp3	6876
common_voice_ru_41118899.mp3	3600
common_voice_ru_40947988.mp3	4320
common_voice_ru_41049829.mp3	9036
common_voice_ru_40947970.mp3	7128
common_voice_ru_41118868.mp3	4716
common_voice_ru_41045578.mp3	4572
common_voice_ru_41003810.mp3	6120
common_voice_ru_41096908.mp3	5472
common_voice_ru_40947982.mp3	2988
common_voice_ru_40881804.mp3	6588
common_voice_ru_40948005.mp3	4788
common_voice_ru_40878575.mp3	4428
common_voice_ru_41051131.mp3	4608
common_voice_ru_40971078.mp3	8928
common_voice_ru_40947999.mp3	3528
common_voice_ru_40952294.mp3	6444
common_voice_ru_40971082.mp3	5940
common_voice_ru_40947923.mp3	4968
common_voice_ru_40948026.mp3	3816
common_voice_ru_40906662.mp3	6336
common_voice_ru_40947899.mp3	6228
common_voice_ru_41096916.mp3	5004
common_voice_ru_40906664.mp3	5796
common_voice_ru_40906679.mp3	5724
common_voice_ru_40947939.mp3	3240
common_voice_ru_40952296.mp3	7416
common_voice_ru_41225022.mp3	10152
common_voice_ru_40970826.mp3	4968
common_voice_ru_40906675.mp3	10548
common_voice_ru_40979800.mp3	5508
common_voice_ru_40878565.mp3	6588
common_voice_ru_40947893.mp3	5040
common_voice_ru_40947911.mp3	6588
common_voice_ru_40948002.mp3	3060
common_voice_ru_40906790.mp3	6120
common_voice_ru_40899617.mp3	5148
common_voice_ru_40881833.mp3	4068
common_voice_ru_41096880.mp3	4716
common_voice_ru_41118903.mp3	2736
common_voice_ru_40947955.mp3	6300
common_voice_ru_40899611.mp3	2448
common_voice_ru_41105720.mp3	5040
common_voice_ru_41045589.mp3	7308
common_voice_ru_41051143.mp3	6768
common_voice_ru_40948048.mp3	5616
common_voice_ru_40948006.mp3	5076
common_voice_ru_40906809.mp3	5868
common_voice_ru_40902893.mp3	5940
common_voice_ru_41090358.mp3	4464
common_voice_ru_40906747.mp3	7848
common_voice_ru_40906628.mp3	7200
common_voice_ru_40878552.mp3	5148
common_voice_ru_40899574.mp3	7848
common_voice_ru_40877575.mp3	7416
common_voice_ru_41052381.mp3	4716
common_voice_ru_41118912.mp3	6120
common_voice_ru_40947986.mp3	3636
common_voice_ru_40906684.mp3	6408
common_voice_ru_40906779.mp3	7740
common_voice_ru_40899849.mp3	7200
common_voice_ru_40947989.mp3	5328
common_voice_ru_40906746.mp3	5328
common_voice_ru_40906770.mp3	6300
common_voice_ru_40947903.mp3	2988
common_voice_ru_41045560.mp3	7020
common_voice_ru_40947898.mp3	3420
common_voice_ru_40948030.mp3	2196
common_voice_ru_41052383.mp3	7704
common_voice_ru_41096905.mp3	3204
common_voice_ru_40948001.mp3	3528
common_voice_ru_41096917.mp3	2448
common_voice_ru_41118878.mp3	4536
common_voice_ru_40947995.mp3	5148
common_voice_ru_40907854.mp3	6696
common_voice_ru_41044277.mp3	4068
common_voice_ru_40878547.mp3	4248
common_voice_ru_40906752.mp3	4320
common_voice_ru_40979802.mp3	4284
common_voice_ru_40906774.mp3	7380
common_voice_ru_41199229.mp3	4860
common_voice_ru_40904601.mp3	3996
common_voice_ru_41078989.mp3	3996
common_voice_ru_41045546.mp3	4608
common_voice_ru_40974517.mp3	8172
common_voice_ru_41105717.mp3	9936
common_voice_ru_41052390.mp3	6408
common_voice_ru_40952293.mp3	5868
common_voice_ru_40948024.mp3	2340
common_voice_ru_40899612.mp3	6768
common_voice_ru_41098347.mp3	5796
common_voice_ru_40947956.mp3	8100
common_voice_ru_40947976.mp3	5328
common_voice_ru_41199237.mp3	5652
common_voice_ru_41003829.mp3	5292
common_voice_ru_40947949.mp3	5328
common_voice_ru_41032115.mp3	2412
common_voice_ru_41199235.mp3	6228
common_voice_ru_41051138.mp3	5220
common_voice_ru_40881831.mp3	3384
common_voice_ru_40899606.mp3	4248
common_voice_ru_41118910.mp3	4788
common_voice_ru_41052384.mp3	7704
common_voice_ru_40947926.mp3	4500
common_voice_ru_40945764.mp3	5832
common_voice_ru_41045576.mp3	3456
common_voice_ru_41045561.mp3	4068
common_voice_ru_41045567.mp3	9216
common_voice_ru_41096889.mp3	4572
common_voice_ru_40947994.mp3	3600
common_voice_ru_40987182.mp3	4788
common_voice_ru_40947929.mp3	8280
common_voice_ru_40947913.mp3	5508
common_voice_ru_41052391.mp3	6300
common_voice_ru_41051146.mp3	3348
common_voice_ru_40899576.mp3	7956
common_voice_ru_41096869.mp3	5220
common_voice_ru_41209154.mp3	4500
common_voice_ru_40899627.mp3	2448
common_voice_ru_41045568.mp3	3636
common_voice_ru_40904605.mp3	5328
common_voice_ru_41003831.mp3	4824
common_voice_ru_40947936.mp3	3960
common_voice_ru_40878563.mp3	6120
common_voice_ru_41225024.mp3	12096
common_voice_ru_41203507.mp3	5760
common_voice_ru_41118922.mp3	2736
common_voice_ru_41096888.mp3	3780
common_voice_ru_40918637.mp3	5940
common_voice_ru_40878550.mp3	3600
common_voice_ru_40906294.mp3	5148
common_voice_ru_41203474.mp3	5616
common_voice_ru_41093973.mp3	6588
common_voice_ru_40979636.mp3	7668
common_voice_ru_40948050.mp3	7380
common_voice_ru_40899591.mp3	4680
common_voice_ru_41029020.mp3	3096
common_voice_ru_40974518.mp3	9900
common_voice_ru_40906763.mp3	6876
common_voice_ru_41118889.mp3	4608
common_voice_ru_40952291.mp3	5760
common_voice_ru_40970966.mp3	7200
common_voice_ru_41032110.mp3	5292
common_voice_ru_40905880.mp3	5472
common_voice_ru_41022973.mp3	8136
common_voice_ru_40904554.mp3	3528
common_voice_ru_40971006.mp3	8676
common_voice_ru_40877573.mp3	6588
common_voice_ru_40947940.mp3	3816
common_voice_ru_40899607.mp3	6948
common_voice_ru_40947902.mp3	4896
common_voice_ru_40947912.mp3	4788
common_voice_ru_41051139.mp3	6408
common_voice_ru_40899624.mp3	5940
common_voice_ru_40908178.mp3	8316
common_voice_ru_40971010.mp3	3780
