sentence_id	sentence	locale	reason
0b0e836206b8f52888206caa13993613e2ee265750c7b92f58ccd2c406522046	представляет собой апогей, как и предсказывает общая теория поля. 	ru	grammar-or-spelling
7b8499304ca4bebaf63d4e155801539c24688745579322d904fcdba00328c8d3	????? ?????? ??????, ?????? ??????!	ru	difficult-pronounce
cdf770a465bd355a99a1a4b6902d7a1daac10e2f0e8a242648599471a79d3b7d	Лица у догов годов рез- че.	ru	difficult-pronounce
04c6ec2292f04a644250007ecd3b78955bf955a9dd0e389c2501b1f22e96aa49	Поле простирались до горизонта, словно бескрайний океан золота.	ru	grammar-or-spelling
b608944172bbd5a46e07c5050857cbc01cf82dfb7af89dd57912d57b08cc4065	Максим Марцинкевич Тесак — один из многочисленный жертв нынешнего режима.	ru	offensive-language
b608944172bbd5a46e07c5050857cbc01cf82dfb7af89dd57912d57b08cc4065	Максим Марцинкевич Тесак — один из многочисленный жертв нынешнего режима.	ru	grammar-or-spelling
cdcfe5a88cc3f069a81f49f2e3264b75310c2198e5eb6cb9367f4b7f57a93dac	Однако, ввиду позднего часа, это голосование состоится в другой день; дата будет объявлена дополнительно.	ru	grammar-or-spelling
54a05486cfb2a0a7500520d52c18bf018514e8c15ed6882382d15e7596e64dbe	Внушительные размах и эпическая масштабность сюжета делают Берсерк незабываемым произведением искусства.	ru	grammar-or-spelling
