client_id	path	sentence_id	sentence	sentence_domain	up_votes	down_votes	age	gender	accents	variant	locale	segment
282b4991e97626e87eff49c56272cf5c5ac13dc3debb54796cd3215e773d0a2d59ef7d5dbe1f729b0fba87442123dcab7464bd1b7de90215a0435a76709d4330	common_voice_ru_41078988.mp3	2e4cfd3ed8324368431492f2d0cad528bc6369cd62fa4a8fa3799184c90f77d6	Ризотто с грибами - итальянская классика.		3	0	twenties		Southern Russian dialect,Southern Russian accent		ru	
448db3f6ba3ddbe0db2ab5d58dd99d690118cfebf3081113a99a3d6bdb7a3b0e9b9a1f2c0f4647a5cb188524b386c7d6f6e087d44a46393c817a520423e283bd	common_voice_ru_40987182.mp3	35794615eb6797557dd73d3595eff63f41dd0d8eff3eafb859fea3e0bf313c5a	Инженеры разрабатывали алгоритмы оптимизации для улучшения производительности программ.		6	0	twenties		Может быть слегка высоковат ,Не кортавый 		ru	
655e35fc363dd86dc359741759ae7a312e3723d57178882f0fd244d7c0e805aca6f5ee05404aad0d2f394de8c1498c2948fcf44ac6c88ec6427120fed15697b7	common_voice_ru_40866664.mp3	cb4cd5023ca29fab38416e68ead29bcdeecf39697df5b2bd20510b2a62c260ec	Давно ли?		2	0					ru	
9adac19319b2e5d788fe7b1f2e920376236f76454cc67ad33bc0e46e15dac380285297330959c5661a794875171b56f6af00c7792e37bb2c901a8c918840bdc2	common_voice_ru_40904601.mp3	32c179f12fb24aae85d2f8ebd6a34701c32bc7520cd4529dfe1c228be75d7fb4	Горячий шоколад с зефиром - уютный напиток.		2	0			Обычный		ru	
a194efc7bc7a1ec439292ba212b57ac6da0ca56eb171df45312a591f86cf60b5a51d658daa139e66bc6985cffd4d812dc5dc891019c731a9b5bc261f464293ed	common_voice_ru_40878547.mp3	2ac391e33b41662e48baa909b471f12ae653c338841ebe197edf611c36686c83	Он сталкивается с многочисленными опасностями		2	0			Нет,Русский		ru	
b584287bb9f6956564fcd1ab830042c6a60427188e94398209d17a4df03628e0b545b7eee575d7385af897b962dce574e394d33f02dab1b59dbca751123c7ff8	common_voice_ru_40899612.mp3	ca3c964a6b3518f15c95cd767cea1463c52d8b1e3f2f844b37d721e3fafd5e15	Шестьдесят шестая сессия Генеральной Ассамблеи проходит в сложный для нашего региона политический момент.		2	0	thirties	male_masculine			ru	
8d2b77d6677c5dda2ac5db16921856b8c2ae46f2e9ec792587ad713e5f695ed2687887b5d1c2401016707de6301ba965ba923ffa928f1e09f71751998b79fa0e	common_voice_ru_40906573.mp3	2fef08efd4fb3ef36e685d627d3697922883868a6eef5ba9f2921f40ffc9a921	Струи водопада касались скал, словно серебряные ленты на зеленом платье природы.		2	0	twenties				ru	
8d2b77d6677c5dda2ac5db16921856b8c2ae46f2e9ec792587ad713e5f695ed2687887b5d1c2401016707de6301ba965ba923ffa928f1e09f71751998b79fa0e	common_voice_ru_40906681.mp3	cb45a59a68b6fef1a4a7c8783e7a2d8883b2e1c9c5b119546b7fe2bb26365ad9	Моя делегация хотела бы обратить внимание Генеральной Ассамблеи на пять моментов.		2	0	twenties				ru	
3179bc4b99b7e30740ccb807f12ae500a5dd46126a94e33526f71093f97c1d020822bee8ec5cb67bd25db36b65a75b28e83c4fe31a680224cdb489a8a834dadd	common_voice_ru_41044277.mp3	5d8c103e10f58e1d59e833a950620d742d0fc53435db153d0bd7adcf1c29cab2	На записи какие-то помехи.		3	0	teens		Дикторский,Изначально русский		ru	
3179bc4b99b7e30740ccb807f12ae500a5dd46126a94e33526f71093f97c1d020822bee8ec5cb67bd25db36b65a75b28e83c4fe31a680224cdb489a8a834dadd	common_voice_ru_41045559.mp3	cf0ca5922f7eb9edbad9d4e00ba3df7342ae5692e0714b533fe54a735d64229b	Анна простилась с ним и уехала домой.		3	0	teens		Дикторский,Изначально русский		ru	
3179bc4b99b7e30740ccb807f12ae500a5dd46126a94e33526f71093f97c1d020822bee8ec5cb67bd25db36b65a75b28e83c4fe31a680224cdb489a8a834dadd	common_voice_ru_41045573.mp3	35c9bfbb4312de46196dfc054e778b5f4ced8d527476dabd3b0c0ad30abbcfb7	Луна освещала путь сквозь темный лес, словно проводник в ночной тьме.		3	0	teens		Дикторский,Изначально русский		ru	
3179bc4b99b7e30740ccb807f12ae500a5dd46126a94e33526f71093f97c1d020822bee8ec5cb67bd25db36b65a75b28e83c4fe31a680224cdb489a8a834dadd	common_voice_ru_41045578.mp3	0a97696c6ecd49f58e466c94e110116677c254ef51d57bfaac1fe2f2788c9478	Любопытная кошка заглядывает в каждый уголок.		3	0	teens		Дикторский,Изначально русский		ru	
3179bc4b99b7e30740ccb807f12ae500a5dd46126a94e33526f71093f97c1d020822bee8ec5cb67bd25db36b65a75b28e83c4fe31a680224cdb489a8a834dadd	common_voice_ru_41045587.mp3	56df57956a8ecbbad1bf316685ca61c881548d036fbf0c845d16be7a61512f59	Бабушкин яблочный пирог - вкус детства.		3	0	teens		Дикторский,Изначально русский		ru	
3179bc4b99b7e30740ccb807f12ae500a5dd46126a94e33526f71093f97c1d020822bee8ec5cb67bd25db36b65a75b28e83c4fe31a680224cdb489a8a834dadd	common_voice_ru_41052396.mp3	5f97e607367d75b314e994462ccc8def3e3c292fc147548253610c19cb5f88fd	Прежде я никогда не испытывала ее – я знала скуку		3	0	teens		Дикторский,Изначально русский		ru	
696cfc84f23c9f6e3d24216b8ed02595793d7a64492247bbee2ea8fd3c297f639ee062cf090f0c2499e591d0d7ae132b00b3d2b26f2b22965e78a33a31a68f0b	common_voice_ru_40881799.mp3	181d99ec59fad254e5f474658ea5bbac305dd6a675832a0fa97483e8ecfa5fbb	Домашнее мороженое с ягодами - освежающий десерт.		2	0	thirties		Московский		ru	
696cfc84f23c9f6e3d24216b8ed02595793d7a64492247bbee2ea8fd3c297f639ee062cf090f0c2499e591d0d7ae132b00b3d2b26f2b22965e78a33a31a68f0b	common_voice_ru_40881800.mp3	cc1368b3eeb6521e7dc4d38416f558e62758b1f235ca8f05853af069ec815878	Ах, пожалуйста, пожалуйста.		2	0	thirties		Московский		ru	
696cfc84f23c9f6e3d24216b8ed02595793d7a64492247bbee2ea8fd3c297f639ee062cf090f0c2499e591d0d7ae132b00b3d2b26f2b22965e78a33a31a68f0b	common_voice_ru_40881801.mp3	cb7e8c201be50c8a518c30d2a283ed508de05346050ffe35d4002ba83b5d91b8	Все встали, заходили, заговорили.		2	0	thirties		Московский		ru	
696cfc84f23c9f6e3d24216b8ed02595793d7a64492247bbee2ea8fd3c297f639ee062cf090f0c2499e591d0d7ae132b00b3d2b26f2b22965e78a33a31a68f0b	common_voice_ru_40881817.mp3	a55c10b87f12d1d726227d11259f1f660c7a37298aa7ecc4788a9073f4c1be73	В кандалы его и сгноить в темнице!		2	0	thirties		Московский		ru	
696cfc84f23c9f6e3d24216b8ed02595793d7a64492247bbee2ea8fd3c297f639ee062cf090f0c2499e591d0d7ae132b00b3d2b26f2b22965e78a33a31a68f0b	common_voice_ru_40881820.mp3	ca57e315eebb5cc7f963a7021f9f1b2b756693147c9e645c38ebf8ce9fc0748f	Я хочу наведаться к моей мачехе, а заодно посмотреть, что стало нынче с деревушкой.		2	0	thirties		Московский		ru	
696cfc84f23c9f6e3d24216b8ed02595793d7a64492247bbee2ea8fd3c297f639ee062cf090f0c2499e591d0d7ae132b00b3d2b26f2b22965e78a33a31a68f0b	common_voice_ru_40881831.mp3	02be3a2f69cb332733d92d3ffb3e6e2b203ee1db381d966b22e0eeffe978e3d9	Я хочу сразу же объяснить положение		2	0	thirties		Московский		ru	
bd4b753eeeedcc84cea162e32dd4fd94e4f52d5acdd5d291a778f3ca992b424a4f87855031d78e70ea324b2ccd77b61e219a714953e1bad9500f6045e62b29f2	common_voice_ru_40970835.mp3	cf1444d196e5a9aa1ab099e768a464872ec68673a1ae637ee5cda452bcae7860	Арзамас — зелёный город		2	0	thirties	male_masculine	нижегородский		ru	
bd4b753eeeedcc84cea162e32dd4fd94e4f52d5acdd5d291a778f3ca992b424a4f87855031d78e70ea324b2ccd77b61e219a714953e1bad9500f6045e62b29f2	common_voice_ru_40970837.mp3	1390970a82fa629480bbd059860042fd8fcf544bc5423a55ab1f6faa043283d9	И это даже предпочтительней.		2	0	thirties	male_masculine	нижегородский		ru	
bd4b753eeeedcc84cea162e32dd4fd94e4f52d5acdd5d291a778f3ca992b424a4f87855031d78e70ea324b2ccd77b61e219a714953e1bad9500f6045e62b29f2	common_voice_ru_40970948.mp3	ceae835584c6681705465de87f8701d22434337dd11c0af80a33f168a18b47d0	Это наше обязательство было поддержано всеми политическими партиями, представленными в исландском парламенте.		2	0	thirties	male_masculine	нижегородский		ru	
bd4b753eeeedcc84cea162e32dd4fd94e4f52d5acdd5d291a778f3ca992b424a4f87855031d78e70ea324b2ccd77b61e219a714953e1bad9500f6045e62b29f2	common_voice_ru_40970964.mp3	2f98095e6ca7618d3c3aacf9d6c89f8ff03a60c62595bebc6c98f1c6b48e7e3a	Эскапизм нетривиален.		2	0	thirties	male_masculine	нижегородский		ru	
bd4b753eeeedcc84cea162e32dd4fd94e4f52d5acdd5d291a778f3ca992b424a4f87855031d78e70ea324b2ccd77b61e219a714953e1bad9500f6045e62b29f2	common_voice_ru_40970975.mp3	55b44d4a637676b7b6d7dd6b7eafe609b33588a4f29510f32ea16b7c0a0fb66d	Летящие облака уносились вдаль, словно путешественники без цели.		2	0	thirties	male_masculine	нижегородский		ru	
bd4b753eeeedcc84cea162e32dd4fd94e4f52d5acdd5d291a778f3ca992b424a4f87855031d78e70ea324b2ccd77b61e219a714953e1bad9500f6045e62b29f2	common_voice_ru_40970987.mp3	ce6d16d1f48e04b42f9aa91dc1132c982639c69860bd7fd11db81a4d4a45f3d7	Наш валовой внутренний продукт вновь начал расти, а уровень безработицы — снижаться.		2	0	thirties	male_masculine	нижегородский		ru	
bd4b753eeeedcc84cea162e32dd4fd94e4f52d5acdd5d291a778f3ca992b424a4f87855031d78e70ea324b2ccd77b61e219a714953e1bad9500f6045e62b29f2	common_voice_ru_40970988.mp3	ceb37937acd2e65b1ebd5c4eace20604ddd29a978360b562908ad9e7dec5c970	Они с счастливыми лицами окружили Левина, споря между собой и предлагая свои услуги.		2	0	thirties	male_masculine	нижегородский		ru	
bd4b753eeeedcc84cea162e32dd4fd94e4f52d5acdd5d291a778f3ca992b424a4f87855031d78e70ea324b2ccd77b61e219a714953e1bad9500f6045e62b29f2	common_voice_ru_40971006.mp3	37ef8a25b0ee878109c5db102beabf4a88e8adc3545e947d3795147c62f829e0	Эрен Йегер, одержимый местью, превращается в титана, чтобы сражаться с чудовищами, уничтожившими его дом.		2	0	thirties	male_masculine	нижегородский		ru	
bd4b753eeeedcc84cea162e32dd4fd94e4f52d5acdd5d291a778f3ca992b424a4f87855031d78e70ea324b2ccd77b61e219a714953e1bad9500f6045e62b29f2	common_voice_ru_40971081.mp3	cdf639ae1fa3bf978a40bb6b788f6fcd12b99bcf9f04e77a187cbf3f7fe1fd86	Все необходимое программное обеспечение будет автоматически установлено и настроено с помощью программы		2	0	thirties	male_masculine	нижегородский		ru	
